fund,report_date,target_date,property code,property name,postal city,postal state,tenant id,tenant hmy,amendment status,amendment type,amendment sequence,amendment sf,monthly_rent,annual_rent,rent_psf,amendment start date,amendment end date
Fund 2,"March 31, 2025",2025-03-31,xfl11660,11660 Central Parkway,Jacksonville,FL,t0000670,6269,Activated,Renewal,4,65806,46290.77,555489.24,8.441315989423456,3/1/2025,2/28/2026
Fund 2,"March 31, 2025",2025-03-31,xfl3333c,3333 N Canal Street,Jacksonville,FL,t0000842,14877,Superseded,Original Lease,0,83800,120394.43,1444733.16,17.240252505966588,8/12/2013,12/31/2026
Fund 2,"March 31, 2025",2025-03-31,xfl3333c,3333 N Canal Street,Jacksonville,FL,t0000853,15438,Superseded,Original Lease,0,600,1750.0,21000.0,35.0,4/1/2022,3/31/2025
Fund 2,"March 31, 2025",2025-03-31,xfl3333c,3333 N Canal Street,Jacksonville,FL,t0001015,28908,Superseded,Original Lease,0,39000,59493.53,713922.36,18.305701538461538,4/1/2023,3/31/2026
Fund 2,"March 31, 2025",2025-03-31,xfl3900w,3900 West Coachman Avenue,Tampa,FL,t0000668,5998,Superseded,Renewal,1,1731,5796.21,69554.52,40.181698440207974,7/1/2024,6/30/2027
Fund 2,"March 31, 2025",2025-03-31,xfl420sw,420 S. Ware Boulevard,Tampa,FL,t0000744,8257,Activated,Renewal,1,9070,3588.91,43066.92,4.748282249173098,10/1/2022,9/30/2025
Fund 2,"March 31, 2025",2025-03-31,xfl420sw,420 S. Ware Boulevard,Tampa,FL,t0000765,9976,Superseded,Original Lease,0,8956,25763.34,309160.08,34.51988387673069,5/1/2022,4/30/2025
Fund 2,"March 31, 2025",2025-03-31,xfl420sw,420 S. Ware Boulevard,Tampa,FL,t0000942,19534,Activated,Original Lease,0,6832,36541.76,438501.12,64.18341920374708,10/1/2022,9/30/2027
Fund 2,"March 31, 2025",2025-03-31,xfl420sw,420 S. Ware Boulevard,Tampa,FL,t0001339,57635,Activated,Original Lease,1,8956,64355.340000000004,772264.0800000001,86.22868244752122,10/1/2024,10/31/2029
Fund 2,"March 31, 2025",2025-03-31,xfl4646g,4646 South Grady Avenue,Tampa,FL,t0000689,6647,Superseded,Renewal,2,79188,188504.08000000002,2262048.96,28.565552356417637,7/1/2024,6/30/2027
Fund 2,"March 31, 2025",2025-03-31,xfl6704n,6704 N 54th St,Tampa,FL,t0001381,62962,Superseded,Original Lease,0,20700,92960.25,1115523.0,53.89,11/22/2024,5/31/2029
Fund 2,"March 31, 2025",2025-03-31,xfl6704n,6704 N 54th St,Tampa,FL,t0001382,62963,Activated,Renewal,1,10368,8208.0,98496.0,9.5,12/1/2024,11/30/2025
Fund 2,"March 31, 2025",2025-03-31,xfl6704n,6704 N 54th St,Tampa,FL,t0001383,63808,Activated,Original Lease,0,10332,15267.220000000001,183206.64,17.731962833914054,11/22/2024,9/30/2027
Fund 2,"March 31, 2025",2025-03-31,xfl6704n,6704 N 54th St,Tampa,FL,t0001384,63809,Activated,Original Lease,0,20000,73124.67,877496.04,43.874802,11/22/2024,2/28/2029
Fund 2,"March 31, 2025",2025-03-31,xfl6704n,6704 N 54th St,Tampa,FL,t0001385,63810,Superseded,Original Lease,0,20000,9283.33,111399.95999999999,5.569998,11/22/2024,5/31/2025
Fund 2,"March 31, 2025",2025-03-31,xfl7720p,7720 Philips Highway,Jacksonville,FL,t0000716,7711,Superseded,Original Lease,0,55486,161431.34,1937176.08,34.91288036621851,8/15/2021,11/30/2026
Fund 2,"March 31, 2025",2025-03-31,xfl7720p,7720 Philips Highway,Jacksonville,FL,t0000717,7712,Superseded,Original Lease,0,42952,16280.17,195362.04,4.548380517787297,5/1/2020,8/31/2025
Fund 2,"March 31, 2025",2025-03-31,xflstuar,6959 Stuart Avenue,Jacksonville,FL,t0000464,1407,Activated,Original Lease,0,22734,19584.95,235019.40000000002,10.337793613090525,9/1/2020,8/31/2025
Fund 2,"March 31, 2025",2025-03-31,xga1145b,1145 Battlecreek Road,Jonesboro,GA,t0000952,19642,Activated,Renewal,2,67656,105597.48000000001,1267169.7600000002,18.72959914863427,9/1/2024,8/31/2027
Fund 2,"March 31, 2025",2025-03-31,xga130j,130 James Aldredge Boulevard,Atlanta,GA,t0000745,8461,Activated,Original Lease,0,38164,100251.73,1203020.76,31.52239702337281,6/15/2022,7/31/2027
Fund 2,"March 31, 2025",2025-03-31,xga1585r,1585 Roadhaven Drive,Stone Mountain,GA,t0000966,22477,Activated,Original Lease,0,48000,464522.87,5574274.4399999995,116.13071749999999,12/1/2022,3/31/2033
Fund 2,"March 31, 2025",2025-03-31,xga1610s,1610 Spectrum Drive,Lawrenceville,GA,t0000851,15316,Activated,Original Lease,0,27000,59131.25,709575.0,26.280555555555555,6/15/2022,3/31/2028
Fund 2,"March 31, 2025",2025-03-31,xga2100b,2100 Boggs Road,Duluth,GA,t0000639,5500,Activated,Original Lease,0,103289,420126.98,5041523.76,48.80988062620414,1/1/2022,12/31/2028
Fund 2,"March 31, 2025",2025-03-31,xga265c,265 Castleberry Industrial Drive,Cumming,GA,t0000768,10108,Activated,Original Lease,0,82486,474488.58999999997,5693863.08,69.02823606430182,5/15/2022,7/15/2032
Fund 2,"March 31, 2025",2025-03-31,xga2900j,2900 Jones Mill,Peachtree Corners,GA,t0001008,28357,Superseded,Original Lease,0,58225,651873.15,7822477.800000001,134.3491249463289,3/13/2023,8/31/2033
Fund 2,"March 31, 2025",2025-03-31,xga2900j,2900 Jones Mill,Peachtree Corners,GA,t0001241,52048,Activated,Original Lease,1,58362,327433.69,3929204.2800000003,67.32470237483294,7/1/2024,8/31/2029
Fund 2,"March 31, 2025",2025-03-31,xga3350h,3350 Hamilton Boulevard,Atlanta,GA,t0000711,7686,Activated,Original Lease,0,31825,74311.38,891736.56,28.020001885310293,2/22/2022,2/28/2027
Fund 2,"March 31, 2025",2025-03-31,xga3471a,3471 Atlanta Industrial Parkway,Atlanta,GA,t0000796,12863,Activated,Renewal,2,36072,42820.47,513845.64,14.245000000000001,6/1/2024,5/31/2026
Fund 2,"March 31, 2025",2025-03-31,xga3651c,3651 Clearview Place,Doraville,GA,t0000876,17592,Activated,Original Lease,0,0,8.3333,99.99959999999999,0.0,6/20/2022,6/30/2032
Fund 2,"March 31, 2025",2025-03-31,xga3651c,3651 Clearview Place,Doraville,GA,t0000931,18157,Activated,Original Lease,0,20030,117161.33,1405935.96,70.19151073389915,11/1/2022,12/31/2027
Fund 2,"March 31, 2025",2025-03-31,xga401wi,401 Windsor Street SW,Atlanta,GA,t0000753,9527,Activated,Original Lease,0,37500,30468.75,365625.0,9.75,12/1/1990,11/30/2026
Fund 2,"March 31, 2025",2025-03-31,xga4225,4225 Phil Niekro Parkway,Norcross,GA,t0000569,4351,Activated,Renewal,2,5179,10979.92,131759.04,25.441019501834333,3/1/2023,2/28/2026
Fund 2,"March 31, 2025",2025-03-31,xga4225,4225 Phil Niekro Parkway,Norcross,GA,t0000571,4353,Activated,Renewal,1,2730,9942.69,119312.28,43.70413186813187,7/1/2023,6/30/2028
Fund 2,"March 31, 2025",2025-03-31,xga4225,4225 Phil Niekro Parkway,Norcross,GA,t0000778,11002,Activated,Original Lease,0,15477,68439.45,821273.3999999999,53.06412095367319,6/1/2022,8/31/2027
Fund 2,"March 31, 2025",2025-03-31,xga4225,4225 Phil Niekro Parkway,Norcross,GA,t0000961,20379,Activated,Original Lease,0,2323,10485.1,125821.20000000001,54.16323719328455,11/1/2022,10/31/2027
Fund 2,"March 31, 2025",2025-03-31,xga4450c,4450 Commerce Circle,Atlanta,GA,t0001012,28436,Activated,Original Lease,0,18700,62018.32,744219.84,39.797852406417114,3/26/2023,6/30/2028
Fund 2,"March 31, 2025",2025-03-31,xga4507m,4507 Mills Place,Atlanta,GA,t0000641,5502,Superseded,Original Lease,0,87928,131606.25,1579275.0,17.96100218360477,9/1/2013,4/30/2025
Fund 2,"March 31, 2025",2025-03-31,xga4507m,4507 Mills Place,Atlanta,GA,t0000643,5505,Activated,Renewal,1,4137,7533.200000000001,90398.40000000001,21.851196519216828,10/1/2023,9/30/2026
Fund 2,"March 31, 2025",2025-03-31,xga4507m,4507 Mills Place,Atlanta,GA,t0001340,57636,Activated,Original Lease,1,12040,21924.04,263088.48,21.851202657807306,10/1/2024,9/30/2027
Fund 2,"March 31, 2025",2025-03-31,xga4600f,4600&4630 Frederick Drive,Atlanta,GA,t0000681,6536,Superseded,Renewal,1,10000,15608.0,187296.0,18.7296,4/1/2022,3/31/2025
Fund 2,"March 31, 2025",2025-03-31,xga4600f,4600&4630 Frederick Drive,Atlanta,GA,t0000682,6538,Superseded,Original Lease,0,20000,13555.0,162660.0,8.133,3/1/2020,4/30/2025
Fund 2,"March 31, 2025",2025-03-31,xga4600f,4600&4630 Frederick Drive,Atlanta,GA,t0000683,6539,Superseded,Original Lease,0,15035,7525.0,90300.0,6.005986032590622,2/16/2016,4/30/2025
Fund 2,"March 31, 2025",2025-03-31,xga4600f,4600&4630 Frederick Drive,Atlanta,GA,t0000685,6541,Superseded,Renewal,1,12500,20322.92,243875.03999999998,19.5100032,7/1/2022,6/30/2025
Fund 2,"March 31, 2025",2025-03-31,xga4600f,4600&4630 Frederick Drive,Atlanta,GA,t0000686,6542,Activated,Original Lease,0,15000,12062.5,144750.0,9.65,3/1/2021,4/30/2026
Fund 2,"March 31, 2025",2025-03-31,xga4600f,4600&4630 Frederick Drive,Atlanta,GA,t0000687,6544,Superseded,Original Lease,0,7437,14081.15,168973.8,22.720693828156513,11/29/2017,1/31/2026
Fund 2,"March 31, 2025",2025-03-31,xga4600f,4600&4630 Frederick Drive,Atlanta,GA,t0001049,34072,Activated,Original Lease,0,7529,30171.89,362062.68,48.08907955903838,8/15/2023,8/31/2028
Fund 2,"March 31, 2025",2025-03-31,xga4600f,4600&4630 Frederick Drive,Atlanta,GA,t0001177,46315,Activated,Original Lease,1,7438,32685.14,392221.68,52.732143049206776,4/1/2024,6/30/2029
Fund 2,"March 31, 2025",2025-03-31,xga4601,4601 Welcome All Road,College Park,GA,t0000965,21222,Superseded,Original Lease,0,0,115315.09,1383781.08,0.0,1/1/2023,12/31/2029
Fund 2,"March 31, 2025",2025-03-31,xga4680n,4680 North Royal Atlanta Drive,Tucker,GA,t0000635,5487,Activated,Original Lease,0,60669,238062.41,2856748.92,47.087456856054985,7/1/2020,6/30/2030
Fund 2,"March 31, 2025",2025-03-31,xga5070,5070 Minola Drive,Stonecrest,GA,t0001040,33868,Superseded,Original Lease,0,48276,153435.65,1841227.7999999998,38.13960974397216,8/1/2023,10/31/2028
Fund 2,"March 31, 2025",2025-03-31,xga5121b,5121 Buford Highway,Norcross,GA,t0000636,5488,Activated,Original Lease,0,31000,25000.0,300000.0,9.67741935483871,2/1/2020,1/31/2030
Fund 2,"March 31, 2025",2025-03-31,xga800in,800-850 Industrial Park Drive,Marietta,GA,t0000640,5501,Activated,Original Lease,0,25000,74258.69,891104.28,35.6441712,9/1/2019,12/31/2026
Fund 2,"March 31, 2025",2025-03-31,xga800in,800-850 Industrial Park Drive,Marietta,GA,t0000941,19529,Activated,Original Lease,0,47532,142305.93,1707671.16,35.92676849280485,9/1/2022,8/31/2027
Fund 2,"March 31, 2025",2025-03-31,xga800wh,800 Wharton Drive,Atlanta,GA,t0000646,5511,Activated,Original Lease,0,58370,111389.42,1336673.04,22.900000685283537,7/1/2021,6/30/2026
Fund 2,"March 31, 2025",2025-03-31,xga800wh,800 Wharton Drive,Atlanta,GA,t0000647,5512,Activated,Renewal,1,1600,2185.33,26223.96,16.389975,1/1/2024,6/30/2026
Fund 2,"March 31, 2025",2025-03-31,xga9330,9330 Industrial Trace,Alpharetta,GA,t0000542,4272,Superseded,Renewal,2,22500,79637.04000000001,955644.4800000001,42.473088000000004,9/1/2023,8/31/2028
Fund 2,"March 31, 2025",2025-03-31,xga9335i,9335 Industrial Trace,Alpharetta,GA,t0000766,10100,Activated,Original Lease,0,20080,46535.4,558424.8,27.810000000000002,4/18/2022,4/30/2025
Fund 2,"March 31, 2025",2025-03-31,xgadors,2009 Dorsey Road,Marietta,GA,t0000583,4716,Superseded,Renewal,1,20500,32851.68,394220.16000000003,19.230251707317073,7/1/2023,6/30/2026
Fund 2,"March 31, 2025",2025-03-31,xgadors,2009 Dorsey Road,Marietta,GA,t0000584,4717,Superseded,Original Lease,0,12234,27544.9,330538.80000000005,27.018048062775875,10/1/2015,9/30/2025
Fund 2,"March 31, 2025",2025-03-31,xgadors,2009 Dorsey Road,Marietta,GA,t0000585,4718,Superseded,Original Lease,0,12098,29319.03,351828.36,29.081530831542402,7/1/2010,2/3/2026
Fund 2,"March 31, 2025",2025-03-31,xgadors,2009 Dorsey Road,Marietta,GA,t0000586,4719,Superseded,Expansion,3,76625,386815.22,4641782.64,60.577913735725936,11/1/2022,10/31/2029
Fund 2,"March 31, 2025",2025-03-31,xgadors,2009 Dorsey Road,Marietta,GA,t0000590,4744,Superseded,Renewal,1,10979,57894.01,694728.12,63.27790509153839,5/1/2022,10/31/2029
Fund 2,"March 31, 2025",2025-03-31,xgahire1,196 Rio Circle,Decatur,GA,t0000436,1338,Activated,Remeasure,1,42000,87848.15,1054177.7999999998,25.099471428571423,1/1/2021,10/31/2025
Fund 2,"March 31, 2025",2025-03-31,xgahire2,201 Laredo Drive,Decatur,GA,t0000437,1339,Activated,Remeasure,1,30000,62691.96000000001,752303.52,25.076784,1/1/2021,10/31/2025
Fund 2,"March 31, 2025",2025-03-31,xgahire3,210 Rio Circle,Decatur,GA,t0000438,1340,Activated,Remeasure,1,40841,88195.11,1058341.32,25.913697509855293,1/1/2021,10/31/2025
Fund 2,"March 31, 2025",2025-03-31,xgahire4,224 Rio Circle,Decatur,GA,t0000439,1341,Activated,Remeasure,1,33000,74851.08,898212.96,27.218574545454544,1/1/2021,10/31/2025
Fund 2,"March 31, 2025",2025-03-31,xgahire5,246 Rio Circle,Decatur,GA,t0000440,1342,Activated,Remeasure,1,37500,85058.04000000001,1020696.4800000001,27.218572800000004,1/1/2021,10/31/2025
Fund 2,"March 31, 2025",2025-03-31,xgahire6,252 Rio Circle,Decatur,GA,t0000441,1343,Activated,Remeasure,1,16600,34689.55,416274.60000000003,25.07678313253012,1/1/2021,10/31/2025
Fund 2,"March 31, 2025",2025-03-31,xgahire7,2980 Pine Street,Decatur,GA,t0000442,1344,Activated,Original Lease,0,27322,57095.66,685147.92,25.076785008418128,11/1/2020,10/31/2025
Fund 2,"March 31, 2025",2025-03-31,xgahire8,3000 Pine Street,Decatur,GA,t0000443,1345,Activated,Remeasure,1,20000,41794.64,501535.68,25.076784,1/1/2021,10/31/2025
Fund 2,"March 31, 2025",2025-03-31,xgamc200,4200 McEver Drive,Acworth,GA,t0000501,4124,Activated,Original Lease,0,45000,17532.0,210384.0,4.6752,9/1/2000,8/31/2025
Fund 2,"March 31, 2025",2025-03-31,xgamc220,4220 McEver Drive,Acworth,GA,t0000502,4125,Activated,Renewal,2,36352,210981.68,2531780.16,69.6462411971831,7/1/2023,7/31/2028
Fund 2,"March 31, 2025",2025-03-31,xgamc255,4255 McEver Drive,Acworth,GA,t0000503,4126,Activated,Renewal,2,45376,148231.61,1778779.3199999998,39.20088416784203,7/1/2023,7/31/2028
Fund 2,"March 31, 2025",2025-03-31,xgamc260,4260 McEver Drive,Acworth,GA,t0000504,4127,Activated,Renewal,2,16704,96947.57,1163370.84,69.64624281609196,7/1/2023,7/31/2028
Fund 2,"March 31, 2025",2025-03-31,xgashaw1,986 Rosedale Dr,Hiram,GA,t0000469,2247,Activated,Original Lease,0,16000,80273.34,963280.08,60.205005,6/4/2021,6/30/2029
Fund 2,"March 31, 2025",2025-03-31,xgashaw2,922 Mountain Ind Dr,Marietta,GA,t0000471,2250,Activated,Original Lease,0,11300,68236.25,818835.0,72.46327433628319,6/4/2021,6/30/2029
Fund 2,"March 31, 2025",2025-03-31,xgashaw3,899 Mountain Ind Dr,Marietta,GA,t0000470,2249,Activated,Original Lease,0,26880,151350.34,1816204.08,67.56711607142857,6/4/2021,6/30/2029
Fund 2,"March 31, 2025",2025-03-31,xgashaw4,"3275 Florence Rd, Bldg 300",Powder Springs,GA,t0000474,2253,Activated,Original Lease,0,22200,105071.76999999999,1260861.2399999998,56.79555135135134,6/4/2021,6/30/2029
Fund 2,"March 31, 2025",2025-03-31,xgashaw5,"3275 Florence Rd, Bldg 200",Powder Springs,GA,t0000473,2252,Activated,Original Lease,0,17766,89159.96,1069919.52,60.22287065180682,6/4/2021,6/30/2029
Fund 2,"March 31, 2025",2025-03-31,xgashaw6,"3275 Florence Rd, Bldg 100",Powder Springs,GA,t0000472,2251,Activated,Original Lease,0,11275,56584.39,679012.6799999999,60.22285410199556,6/4/2021,6/30/2029
Fund 2,"March 31, 2025",2025-03-31,xil1000a,1000 Atlantic Drive,West Chicago,IL,t0000678,6527,Activated,Original Lease,0,43356,107299.8,1287597.6,29.69825629670634,9/1/2021,8/31/2026
Fund 2,"March 31, 2025",2025-03-31,xil1000e,1000 E 87th St,Chicago,IL,t0000917,17820,Activated,Original Lease,0,34330,133536.72,1602440.6400000001,46.67756015147102,8/1/2022,9/30/2027
Fund 2,"March 31, 2025",2025-03-31,xil1001a,1001 Arthur Avenue,Elk Grove Village,IL,t0000679,6528,Activated,Renewal,1,19963,84675.95,1016111.3999999999,50.899734508841355,1/1/2024,1/31/2029
Fund 2,"March 31, 2025",2025-03-31,xil1100h,1100-1150 Howard,Elk Grove Village,IL,t0000922,17844,Activated,Original Lease,0,7500,26487.6,317851.19999999995,42.38016,11/1/2020,12/31/2025
Fund 2,"March 31, 2025",2025-03-31,xil1100h,1100-1150 Howard,Elk Grove Village,IL,t0000925,18048,Activated,Original Lease,0,7500,19875.89,238510.68,31.801424,4/1/1995,7/31/2025
Fund 2,"March 31, 2025",2025-03-31,xil1100h,1100-1150 Howard,Elk Grove Village,IL,t0001359,60269,Activated,Original Lease,1,8613,30791.28,369495.36,42.89972831765935,2/1/2025,1/31/2030
Fund 2,"March 31, 2025",2025-03-31,xil1111,1111 Bowes Rd,Elgin,IL,t0000510,4175,Activated,Original Lease,0,144578,543906.41,6526876.92,45.14432984271466,4/1/2012,3/31/2027
Fund 2,"March 31, 2025",2025-03-31,xil11697,11697 W Grand,Northlake,IL,t0000767,10107,Superseded,Original Lease,0,48340,165766.37,1989196.44,41.1501125362019,4/25/2022,4/30/2029
Fund 2,"March 31, 2025",2025-03-31,xil1200p,1200 Pratt Boulevard,Elk Grove Village,IL,t0000815,13460,Activated,Original Lease,0,32000,92321.15,1107853.7999999998,34.620431249999996,10/1/2006,9/30/2026
Fund 2,"March 31, 2025",2025-03-31,xil121lo,121 South Lombard Road,Addison,IL,t0000731,7962,Activated,Renewal,1,20000,56672.0,680064.0,34.0032,2/29/2024,8/28/2027
Fund 2,"March 31, 2025",2025-03-31,xil141be,141-145 Bernice,Bensenville,IL,t0000787,11303,Activated,Original Lease,0,2925,11333.68,136004.16,46.49714871794872,4/1/2020,10/31/2026
Fund 2,"March 31, 2025",2025-03-31,xil141be,141-145 Bernice,Bensenville,IL,t0000788,11387,Activated,Renewal,1,5850,13294.130000000001,159529.56,27.270010256410256,7/1/2023,7/31/2025
Fund 2,"March 31, 2025",2025-03-31,xil1600,1600 Hunter Rd,Hanover Park,IL,t0000514,4183,Activated,Original Lease,0,238423,663014.62,7956175.4399999995,33.369999706404165,6/21/1995,11/30/2025
Fund 2,"March 31, 2025",2025-03-31,xil1600b,1600 Birchwood Avenue,Des Plaines,IL,t0000775,10203,Activated,Original Lease,0,64216,383419.0,4601028.0,71.64924629375857,3/31/2022,3/31/2032
Fund 2,"March 31, 2025",2025-03-31,xil1601,1601 Lunt Ave,Elk Grove Village,IL,t0000520,4194,Superseded,Original Lease,0,35791,247889.43,2974673.16,83.11232320974547,8/1/2015,10/31/2028
Fund 2,"March 31, 2025",2025-03-31,xil1601,1601 Lunt Ave,Elk Grove Village,IL,t0000521,4195,Superseded,Original Lease,0,27809,185652.71,2227832.52,80.11192491639397,7/1/2018,10/31/2028
Fund 2,"March 31, 2025",2025-03-31,xil1630b,1630 Birchwood Avenue,Des Plaines,IL,t0000774,10202,Activated,Original Lease,0,40550,242114.76,2905377.12,71.64925080147965,3/31/2022,3/31/2032
Fund 2,"March 31, 2025",2025-03-31,xil1688,1688 Glen Ellyn Rd,Glendale Heights,IL,t0000518,4192,Activated,Renewal,1,84804,161551.62,1938619.44,22.86,7/1/2024,6/30/2029
Fund 2,"March 31, 2025",2025-03-31,xil1701b,1701 Birchwood,Des Plaines,IL,t0000921,17841,Activated,Holdover,2,48790,56555.74,678668.88,13.909999590079934,1/1/2025,6/30/2025
Fund 2,"March 31, 2025",2025-03-31,xil1terr,1 Territorial Court,Bolingbrook,IL,t0000511,4176,Activated,Proposal in DM,3,52403,0.0,0.0,0.0,1/1/2025,12/31/2029
Fund 2,"March 31, 2025",2025-03-31,xil201ja,201 James Street,Bensenville,IL,t0000793,12764,Activated,Renewal,2,1971,4996.485,59957.81999999999,30.419999999999995,11/1/2024,10/31/2027
Fund 2,"March 31, 2025",2025-03-31,xil201ja,201 James Street,Bensenville,IL,t0000950,19638,Activated,Original Lease,0,5382,12948.2,155378.40000000002,28.870011148272024,10/1/2022,9/30/2025
Fund 2,"March 31, 2025",2025-03-31,xil201ja,201 James Street,Bensenville,IL,t0001155,43261,Activated,Original Lease,1,7020,30101.0,361212.0,51.45470085470085,5/1/2024,4/30/2029
Fund 2,"March 31, 2025",2025-03-31,xil201ja,201 James Street,Bensenville,IL,t0001418,70329,Activated,Original Lease,1,4680,12175.8,146109.59999999998,31.219999999999995,2/1/2025,3/31/2028
Fund 2,"March 31, 2025",2025-03-31,xil2101,2101 Arthur Avenue,Elk Grove Village,IL,t0000594,4905,Superseded,Original Lease,0,55535,177371.39,2128456.68,38.326401008373104,3/1/2020,5/31/2025
Fund 2,"March 31, 2025",2025-03-31,xil2101,2101 Arthur Avenue,Elk Grove Village,IL,t0001197,51812,Activated,Original Lease,1,26994,111581.53,1338978.3599999999,49.60281395865748,11/1/2024,4/30/2029
Fund 2,"March 31, 2025",2025-03-31,xil222ja,222 James Street,Bensenville,IL,t0000881,17601,Activated,Renewal,1,11020,45769.75,549237.0,49.84001814882033,4/1/2024,3/31/2029
Fund 2,"March 31, 2025",2025-03-31,xil222ja,222 James Street,Bensenville,IL,t0000907,17708,Superseded,Original Lease,0,12905,62101.990000000005,745223.8800000001,57.74691049980628,10/17/2022,11/30/2027
Fund 2,"March 31, 2025",2025-03-31,xil222ja,222 James Street,Bensenville,IL,t0001016,29046,Activated,Original Lease,0,12905,68132.73999999999,817592.8799999999,63.35473692367299,5/1/2023,6/30/2028
Fund 2,"March 31, 2025",2025-03-31,xil231ja,231 James Street,Bensenville,IL,t0000804,13276,Activated,Expansion,3,10267,22698.63,272383.56,26.530004869971755,9/1/2023,6/30/2026
Fund 2,"March 31, 2025",2025-03-31,xil231ja,231 James Street,Bensenville,IL,t0001013,28536,Activated,Original Lease,0,15000,71625.0,859500.0,57.3,4/1/2023,5/31/2028
Fund 2,"March 31, 2025",2025-03-31,xil231ja,231 James Street,Bensenville,IL,t0001050,36272,Activated,Original Lease,0,2139,5564.97,66779.64,31.220028050490882,8/2/2023,8/31/2026
Fund 2,"March 31, 2025",2025-03-31,xil231ja,231 James Street,Bensenville,IL,t0001417,70328,Activated,Original Lease,1,7500,19997.75,239973.0,31.9964,3/1/2025,2/29/2028
Fund 2,"March 31, 2025",2025-03-31,xil240ja,240-252 James Street,Bensenville,IL,t0000810,13454,Superseded,Original Lease,0,3500,7431.67,89180.04000000001,25.48001142857143,7/1/2010,6/30/2025
Fund 2,"March 31, 2025",2025-03-31,xil2500w,2500 West Lake,Chicago,IL,t0000642,5504,Activated,Renewal,3,13000,44897.14,538765.6799999999,41.44351384615384,1/1/2024,8/31/2027
Fund 2,"March 31, 2025",2025-03-31,xil250n,250 North Washtenaw Avenue,Chicago,IL,t0000608,5277,Activated,Renewal,1,46000,110093.33,1321119.96,28.719999130434783,1/1/2024,12/31/2026
Fund 2,"March 31, 2025",2025-03-31,xil305e,305 E North Ave,Carol Stream,IL,t0000516,4190,Superseded,Original Lease,0,17605,61971.64,743659.6799999999,42.2413905140585,8/31/2011,4/30/2025
Fund 2,"March 31, 2025",2025-03-31,xil305e,305 E North Ave,Carol Stream,IL,t0001039,33747,Activated,Original Lease,0,32838,206934.14,2483209.68,75.62000365430295,10/1/2023,12/31/2030
Fund 2,"March 31, 2025",2025-03-31,xil464no,464 Northgate Parkway,Wheeling,IL,t0000655,5913,Activated,Renewal,1,26927,19449.04,233388.48,8.667451999851451,10/1/2024,3/31/2027
Fund 2,"March 31, 2025",2025-03-31,xil529t,529 Thomas Drive,Bensenville,IL,t0000610,5294,Activated,Original Lease,0,62000,465609.9,5587318.800000001,90.11804516129034,11/1/2013,3/31/2029
Fund 2,"March 31, 2025",2025-03-31,xil700h,700 High Grove Boulevard,Glendale Heights,IL,t0000777,10359,Superseded,Original Lease,0,43519,73583.37,883000.44,20.289998391507158,5/16/2022,5/15/2025
Fund 2,"March 31, 2025",2025-03-31,xil747,747-777 Chase Ave,Elk Grove Village,IL,t0000519,4193,Activated,Original Lease,0,123200,743346.28,8920155.36,72.40385844155844,10/1/2011,1/31/2030
Fund 2,"March 31, 2025",2025-03-31,xil770ar,770 Arthur Avenue,Elk Grove Village,IL,t0000649,5514,Superseded,Relocation,1,41455,61531.75,738381.0,17.811627065492704,4/1/2022,3/31/2025
Fund 2,"March 31, 2025",2025-03-31,xil770ar,770 Arthur Avenue,Elk Grove Village,IL,t0000718,7714,Superseded,Original Lease,0,21741,48175.99,578111.88,26.590859666068717,6/1/2022,5/31/2025
Fund 2,"March 31, 2025",2025-03-31,xil7760m,7760 N Merrimac,Niles,IL,t0000859,16330,Activated,Original Lease,0,55980,201149.4,2413792.8,43.1188424437299,6/1/2022,5/31/2029
Fund 2,"March 31, 2025",2025-03-31,xil77whe,77 Wheeling Road,Wheeling,IL,t0000665,5994,Activated,Renewal,2,78882,51795.9,621550.8,7.879501026850233,10/1/2024,3/31/2027
Fund 2,"March 31, 2025",2025-03-31,xil900b,900 East Business Center Drive,Mt. Prospect,IL,t0000540,4270,Activated,Original Lease,0,30307,142409.16,1708909.92,56.38664071006698,1/1/2019,5/31/2026
Fund 2,"March 31, 2025",2025-03-31,xil900b,900 East Business Center Drive,Mt. Prospect,IL,t0000541,4271,Activated,Original Lease,0,13231,42616.770000000004,511401.24000000005,38.65174514398005,10/1/2020,12/31/2025
Fund 2,"March 31, 2025",2025-03-31,xilmitch,561 Mitchell Ave,Glandale Heights,IL,t0000505,4154,Activated,Original Lease,0,30000,20000.0,240000.0,8.0,7/1/2016,6/30/2026
Fund 2,"March 31, 2025",2025-03-31,xilmount,3325 Mount Prospect Road,Franklin Park,IL,t0000509,4171,Activated,Original Lease,0,64002,371978.31,4463739.72,69.74375363269897,12/15/2015,12/14/2030
Fund 2,"March 31, 2025",2025-03-31,xky4175a,4175 Aero ParkWay,Florence,KY,t0000662,5933,Activated,Original Lease,0,180000,781728.4,9380740.8,52.11522666666667,7/1/2017,6/30/2027
Fund 2,"March 31, 2025",2025-03-31,xnj10tw,10 Twosome Drive,Moorestown,NJ,t0000927,18052,Activated,Original Lease,0,45375,238923.41,2867080.92,63.186356363636364,9/1/2022,8/31/2029
Fund 2,"March 31, 2025",2025-03-31,xnj121mo,121 Moonachie Ave,Moonachie,NJ,t0000742,8086,Superseded,Original Lease,0,62000,207596.66999999998,2491160.04,40.18000064516129,3/14/2022,3/31/2025
Fund 2,"March 31, 2025",2025-03-31,xnj125al,125 Algonquin Parkway,Whippany,NJ,t0000613,5459,Activated,Original Lease,0,21000,140175.0,1682100.0,80.1,1/1/2020,12/31/2029
Fund 2,"March 31, 2025",2025-03-31,xnj125al,125 Algonquin Parkway,Whippany,NJ,t0000614,5460,Superseded,Renewal,3,50000,189500.0,2274000.0,45.48,1/27/2023,12/31/2025
Fund 2,"March 31, 2025",2025-03-31,xnj125al,125 Algonquin Parkway,Whippany,NJ,t0001173,45817,Activated,Original Lease,1,50000,428379.67,5140556.04,102.8111208,4/1/2024,4/30/2029
Fund 2,"March 31, 2025",2025-03-31,xnj128ba,128 Bauer Drive,Oakland,NJ,t0000624,5473,Activated,Renewal,1,10341,64295.479999999996,771545.76,74.61036263417465,10/1/2022,9/30/2027
Fund 2,"March 31, 2025",2025-03-31,xnj128ba,128 Bauer Drive,Oakland,NJ,t0000991,27032,Activated,Original Lease,0,10699,91859.85,1102318.2000000002,103.03002149733622,1/1/2023,1/31/2028
Fund 2,"March 31, 2025",2025-03-31,xnj128ba,128 Bauer Drive,Oakland,NJ,t0001074,36926,Activated,Original Lease,1,21142,223224.2834,2678691.4008,126.70000003783937,11/1/2023,12/31/2030
Fund 2,"March 31, 2025",2025-03-31,xnj145al,145 Algonquin Parkway,Whippany,NJ,t0000621,5470,Activated,Original Lease,0,11777,56814.63,681775.5599999999,57.89042710367665,7/1/2021,9/30/2026
Fund 2,"March 31, 2025",2025-03-31,xnj145al,145 Algonquin Parkway,Whippany,NJ,t0001185,48499,Activated,Original Lease,1,11701,92613.42,1111361.04,94.98000512776686,7/1/2024,8/31/2029
Fund 2,"March 31, 2025",2025-03-31,xnj14th,14-16 Thomas J Rhodes,Hamilton,NJ,t0000605,4917,Activated,Renewal,1,35894,96973.63,1163683.56,32.42000222878475,5/1/2022,4/30/2027
Fund 2,"March 31, 2025",2025-03-31,xnj14th,14-16 Thomas J Rhodes,Hamilton,NJ,t0000797,13176,Activated,Original Lease,0,8510,39185.94,470231.28,55.2563196239718,6/1/2022,5/31/2027
Fund 2,"March 31, 2025",2025-03-31,xnj1601s,1601-1641 Sherman Avenue,Pennsauken,NJ,t0000660,5923,Activated,Original Lease,0,9960,22955.0,275460.0,27.656626506024097,5/1/2021,4/30/2026
Fund 2,"March 31, 2025",2025-03-31,xnj1601s,1601-1641 Sherman Avenue,Pennsauken,NJ,t0000661,5926,Activated,Expansion,2,9012,25789.34,309472.08,34.34,8/1/2024,2/28/2027
Fund 2,"March 31, 2025",2025-03-31,xnj17pol,17-01 Pollitt Drive,Fairlawn,NJ,t0000629,5479,Activated,Original Lease,0,8438,13008.58,156102.96,18.499995259540174,2/15/2021,1/31/2026
Fund 2,"March 31, 2025",2025-03-31,xnj17pol,17-01 Pollitt Drive,Fairlawn,NJ,t0000630,5480,Superseded,Expansion,1,20897,72686.74,872240.8800000001,41.740004785375895,6/1/2023,10/31/2025
Fund 2,"March 31, 2025",2025-03-31,xnj17pol,17-01 Pollitt Drive,Fairlawn,NJ,t0000632,5483,Activated,Original Lease,0,15179,177159.79,2125917.48,140.0564912049542,11/1/2021,10/31/2031
Fund 2,"March 31, 2025",2025-03-31,xnj17pol,17-01 Pollitt Drive,Fairlawn,NJ,t0000634,5486,Activated,Original Lease,0,20962,177303.58000000002,2127642.96,101.49999809178513,9/2/2021,12/31/2028
Fund 2,"March 31, 2025",2025-03-31,xnj17pol,17-01 Pollitt Drive,Fairlawn,NJ,t0001156,43752,Activated,Original Lease,1,20994,70994.71,851936.52,40.58,2/1/2024,1/31/2027
Fund 2,"March 31, 2025",2025-03-31,xnj1980o,1980 Old Cuthbert Road,Cherry Hill,NJ,t0000923,17858,Superseded,Original Lease,0,14000,27171.66,326059.92,23.289994285714286,8/5/2022,7/31/2025
Fund 2,"March 31, 2025",2025-03-31,xnj19ind,19 Industrial Avenue,Mahwah,NJ,t0000850,15315,Superseded,Expansion,2,22060,207878.74,2494544.88,113.08000362647324,10/21/2022,10/31/2029
Fund 2,"March 31, 2025",2025-03-31,xnj19ind,19 Industrial Avenue,Mahwah,NJ,t0000862,17168,Activated,Original Lease,0,6480,34398.0,412776.0,63.7,5/22/2022,5/31/2027
Fund 2,"March 31, 2025",2025-03-31,xnj19ind,19 Industrial Avenue,Mahwah,NJ,t0000864,17171,Activated,Renewal,1,24364,149046.83000000002,1788561.9600000002,73.41002955179775,6/1/2023,2/28/2029
Fund 2,"March 31, 2025",2025-03-31,xnj19nev,19-05 Nevins Road,Fairlawn,NJ,t0000627,5477,Activated,Expansion,3,151799,1025149.25,12301791.0,81.04000026350634,2/1/2025,10/31/2029
Fund 2,"March 31, 2025",2025-03-31,xnj200ri,200 Rike Drive,Millstone,NJ,t0000704,7396,Activated,Renewal,3,63000,296365.87,3556390.44,56.4506419047619,10/1/2024,9/30/2028
Fund 2,"March 31, 2025",2025-03-31,xnj2036b,2036 Briggs Road,Mount Laurel,NJ,t0000450,1386,Activated,Original Lease,0,10000,32458.33,389499.96,38.949996,5/1/2016,4/30/2026
Fund 2,"March 31, 2025",2025-03-31,xnj2036b,2036 Briggs Road,Mount Laurel,NJ,t0000452,1388,Activated,Original Lease,0,5025,5854.13,70249.56,13.980011940298507,1/1/2017,12/31/2026
Fund 2,"March 31, 2025",2025-03-31,xnj2036b,2036 Briggs Road,Mount Laurel,NJ,t0000453,1389,Activated,Original Lease,0,9849,9087.75,109053.0,11.072494669509595,1/1/2019,3/31/2029
Fund 2,"March 31, 2025",2025-03-31,xnj2036b,2036 Briggs Road,Mount Laurel,NJ,t0000454,1390,Activated,Original Lease,0,15075,34760.74,417128.88,27.6702407960199,4/1/2020,3/31/2030
Fund 2,"March 31, 2025",2025-03-31,xnj2050h,20-50 Harkins Drive,Burlington,NJ,t0000779,11005,Activated,Original Lease,0,24000,86500.0,1038000.0,43.25,4/20/2022,4/30/2027
Fund 2,"March 31, 2025",2025-03-31,xnj2075h,2075 High Hill Road,Logan Township,NJ,t0000703,7395,Activated,Original Lease,0,33078,107978.98999999999,1295747.88,39.17249773263196,3/1/2017,2/28/2027
Fund 2,"March 31, 2025",2025-03-31,xnj220r,220 Route 70,Medford,NJ,t0001151,42687,Activated,Original Lease,0,23545,113876.45,1366517.4,58.03853896793374,12/1/2023,12/31/2028
Fund 2,"March 31, 2025",2025-03-31,xnj3001i,3001 Irwin Road,Mount Laurel,NJ,t0000459,1400,Activated,Expansion,2,37838,167773.44,2013281.28,53.20792008034251,11/1/2023,10/31/2033
Fund 2,"March 31, 2025",2025-03-31,xnj3001i,3001 Irwin Road,Mount Laurel,NJ,t0000959,20277,Activated,Renewal,3,3555,2589.76,31077.120000000003,8.741805907172996,11/1/2024,10/31/2025
Fund 2,"March 31, 2025",2025-03-31,xnj30les,30 Leslie Court,Whippany,NJ,t0001007,28347,Activated,Original Lease,0,9247,33990.43,407885.16000000003,44.10999891856819,3/1/2023,2/28/2026
Fund 2,"March 31, 2025",2025-03-31,xnj30les,30 Leslie Court,Whippany,NJ,t0001042,34003,Activated,Original Lease,0,16003,117128.62,1405543.44,87.82999687558582,10/16/2023,9/30/2028
Fund 2,"March 31, 2025",2025-03-31,xnj313c,313 Church Street,Swedesboro,NJ,t0000547,4299,Activated,Original Lease,0,67000,145222.5,1742670.0,26.01,9/9/2021,9/30/2026
Fund 2,"March 31, 2025",2025-03-31,xnj400wa,400 Water Street,Gloucester City,NJ,t0000715,7706,Activated,Renewal,2,38550,153943.02000000002,1847316.2400000002,47.92000622568094,1/1/2025,12/31/2029
Fund 2,"March 31, 2025",2025-03-31,xnj40pot,40 Potash Road,Oakland,NJ,t0000617,5464,Activated,Renewal,1,60994,88949.58,1067394.96,17.49999934419779,11/1/2022,10/31/2027
Fund 2,"March 31, 2025",2025-03-31,xnj420be,420 Benigno Boulevard,Bellmawr,NJ,t0000560,4316,Superseded,Original Lease,0,51207,219290.84,2631490.08,51.3892647489601,2/1/2017,4/30/2025
Fund 2,"March 31, 2025",2025-03-31,xnj420be,420 Benigno Boulevard,Bellmawr,NJ,t0000573,4356,Activated,Renewal,3,1894,16180.93,194171.16,102.51909186906019,4/1/2024,5/31/2029
Fund 2,"March 31, 2025",2025-03-31,xnj440be,440 Benigno Boulevard,Bellmawr,NJ,t0000556,4310,Activated,Original Lease,0,525,1276.63,15319.560000000001,29.18011428571429,12/1/2019,11/30/2026
Fund 2,"March 31, 2025",2025-03-31,xnj440be,440 Benigno Boulevard,Bellmawr,NJ,t0000558,4313,Activated,Renewal,1,2218,12186.01,146232.12,65.92972046889089,8/1/2023,7/31/2028
Fund 2,"March 31, 2025",2025-03-31,xnj440be,440 Benigno Boulevard,Bellmawr,NJ,t0000561,4317,Activated,Original Lease,0,35000,143248.56,1718982.72,49.113792,2/1/2017,4/30/2025
Fund 2,"March 31, 2025",2025-03-31,xnj440be,440 Benigno Boulevard,Bellmawr,NJ,t0000658,5919,Superseded,Holdover,4,2231,2662.72,31952.64,14.322115643209322,3/1/2025,4/30/2025
Fund 2,"March 31, 2025",2025-03-31,xnj440be,440 Benigno Boulevard,Bellmawr,NJ,t0001219,51917,Activated,Original Lease,1,825,3187.25,38247.0,46.36,5/1/2024,5/31/2026
Fund 2,"March 31, 2025",2025-03-31,xnj52col,52 Coles Road,Blackwood,NJ,t0000549,4301,Activated,Original Lease,0,62000,103673.65,1244083.7999999998,20.06586774193548,5/1/2021,4/30/2026
Fund 2,"March 31, 2025",2025-03-31,xnj59cha,59 Chambers Brook Road,Somerville,NJ,t0000831,14547,Activated,Renewal,2,10272,37407.2,448886.39999999997,43.699999999999996,11/1/2023,10/31/2026
Fund 2,"March 31, 2025",2025-03-31,xnj5thor,5 Thornton Road,Oakland,NJ,t0000618,5465,Activated,Original Lease,0,150801,1154478.95,13853747.399999999,91.86774225635108,11/1/2021,10/31/2031
Fund 2,"March 31, 2025",2025-03-31,xnj6000i,6000 Irwin Road,Mount Laurel,NJ,t0001081,36951,Activated,Proposal in DM,0,46188,0.0,0.0,0.0,12/1/2023,11/30/2027
Fund 2,"March 31, 2025",2025-03-31,xnj6000i,6000 Irwin Road,Mount Laurel,NJ,t0001153,42706,Activated,Original Lease,0,46188,196145.03999999998,2353740.4799999995,50.95999999999999,12/1/2023,11/30/2027
Fund 2,"March 31, 2025",2025-03-31,xnj6925s,6925 Sherman Ave,Pennsauken,NJ,t0000784,11053,Activated,Original Lease,0,30000,103775.0,1245300.0,41.51,4/26/2022,4/30/2029
Fund 2,"March 31, 2025",2025-03-31,xnj6965,6965 Airport Highway Lane,Pennsauken,NJ,t0000545,4294,Activated,Original Lease,0,103000,612764.17,7353170.040000001,71.39000038834952,8/31/2021,10/31/2031
Fund 2,"March 31, 2025",2025-03-31,xnj70cat,70 Cathy Lane,Florence,NJ,t0000845,14880,Activated,Original Lease,0,13500,7000.0,84000.0,6.222222222222222,6/24/2022,1/13/2026
Fund 2,"March 31, 2025",2025-03-31,xnj70cat,70 Cathy Lane,Florence,NJ,t0001030,32909,Activated,Original Lease,0,5740,13438.49,161261.88,28.094404181184668,7/1/2023,1/31/2026
Fund 2,"March 31, 2025",2025-03-31,xnj740co,740 Coopertown Road,Delanco,NJ,t0000669,6006,Activated,Original Lease,0,133283,368340.37,4420084.4399999995,33.16315239002723,12/14/2021,12/31/2026
Fund 2,"March 31, 2025",2025-03-31,xnj7550,7550 North Crescent Boulevard,Pennsauken,NJ,t0000536,4236,Activated,Original Lease,0,22000,14764.64,177175.68,8.05344,4/1/2021,4/1/2026
Fund 2,"March 31, 2025",2025-03-31,xnj845l,845 Lancer Drive,Moorestown,NJ,t0000553,4305,Activated,Original Lease,0,16800,74249.54000000001,890994.4800000001,53.03538571428572,12/1/2020,11/30/2025
Fund 2,"March 31, 2025",2025-03-31,xnj900k,900 Kennedy Boulevard,Somerdale,NJ,t0000544,4293,Superseded,Renewal,1,41500,116915.31,1402983.72,33.806836626506026,11/1/2021,10/31/2026
Fund 2,"March 31, 2025",2025-03-31,xnj9100p,9100 Pennsauken Highway,Pennsauken,NJ,t0000714,7699,Activated,Renewal,2,47256,138511.54,1662138.48,35.17306754697816,5/1/2024,4/30/2029
Fund 2,"March 31, 2025",2025-03-31,xnj95bau,95 Bauer Drive,Oakland,NJ,t0000619,5467,Activated,Renewal,2,6792,33241.18,398894.16000000003,58.730000000000004,7/1/2024,6/30/2027
Fund 2,"March 31, 2025",2025-03-31,xnjcentr,7055 W Central Highway,Pennsauken,NJ,t0000770,10167,Superseded,Original Lease,0,20721,68274.25,819291.0,39.53916316780078,5/1/2022,5/31/2027
Fund 2,"March 31, 2025",2025-03-31,xnjmway3,3 Mary Way,Hainesport,NJ,t0000771,10195,Activated,Original Lease,0,42560,317877.29000000004,3814527.4800000004,89.62705545112783,2/1/2023,1/31/2033
Fund 2,"March 31, 2025",2025-03-31,xnjmway5,5 Mary Way,Hainesport,NJ,t0000486,2308,Activated,Renewal,4,19914,121683.04000000001,1460196.48,73.32512202470623,9/1/2023,8/31/2030
Fund 2,"March 31, 2025",2025-03-31,xnjmway5,5 Mary Way,Hainesport,NJ,t0000488,2313,Activated,Renewal,2,20086,83240.87,998890.44,49.7306800756746,3/1/2023,2/29/2028
Fund 2,"March 31, 2025",2025-03-31,xnjmway5,5 Mary Way,Hainesport,NJ,t0000495,2384,Activated,License Agreement,2,0,10288.74,123464.88,0.0,12/1/2024,11/30/2029
Fund 2,"March 31, 2025",2025-03-31,xnjmway5,5 Mary Way,Hainesport,NJ,t0000496,2385,Activated,Renewal,1,0,2450.04,29400.48,0.0,6/1/2016,9/30/2026
Fund 2,"March 31, 2025",2025-03-31,xnjmway7,7 Mary Way,Hainesport,NJ,t0000497,2414,Superseded,Renewal,1,20000,41962.16,503545.92000000004,25.177296000000002,6/1/2021,5/31/2025
Fund 2,"March 31, 2025",2025-03-31,xnjmway7,7 Mary Way,Hainesport,NJ,t0000805,13291,Activated,Original Lease,0,20000,66364.2,796370.3999999999,39.81851999999999,2/1/2023,1/31/2028
Fund 2,"March 31, 2025",2025-03-31,xnjmway9,9 Mary Way,Hainesport,NJ,t0000485,2307,Activated,Renewal,1,7500,6343.75,76125.0,10.15,9/1/2021,8/31/2026
Fund 2,"March 31, 2025",2025-03-31,xnjmway9,9 Mary Way,Hainesport,NJ,t0000491,2317,Activated,Expansion,3,34205,124415.31,1492983.72,43.648113433708524,5/1/2022,4/30/2027
Fund 2,"March 31, 2025",2025-03-31,xoh154co,154 Commerce Blvd,Loveland,OH,t0000857,15781,Activated,Original Lease,0,79918,169176.77,2030121.2399999998,25.402553116944866,7/12/2022,2/28/2027
Fund 2,"March 31, 2025",2025-03-31,xoh382c,382 Circle Freeway Drive,Cincinnati,OH,t0000603,4915,Activated,Renewal,2,47848,144328.19,1731938.28,36.19667028924929,5/1/2024,4/30/2029
Fund 2,"March 31, 2025",2025-03-31,xoh8655,8655 Seward Road,Fairfield,OH,t0000604,4916,Activated,Original Lease,0,30512,73250.5,879006.0,28.808534347142107,10/1/2020,9/30/2025
Fund 2,"March 31, 2025",2025-03-31,xohcolu1,3000 – 3004 E 14th Avenue,Columbus,OH,t0000671,6320,Activated,Original Lease,0,44000,24058.56,288702.72000000003,6.561425454545455,4/1/2016,3/31/2026
Fund 2,"March 31, 2025",2025-03-31,xohcolu1,3000 – 3004 E 14th Avenue,Columbus,OH,t0000675,6326,Activated,Original Lease,0,17850,8478.75,101745.0,5.7,10/1/2020,9/30/2025
Fund 2,"March 31, 2025",2025-03-31,xohcolu2,3045 – 3065 Switzer Avenue,Columbus,OH,t0000772,10200,Activated,Original Lease,0,6330,22629.760000000002,271557.12,42.90001895734597,9/19/2022,10/31/2027
Fund 2,"March 31, 2025",2025-03-31,xohcolu2,3045 – 3065 Switzer Avenue,Columbus,OH,t0000773,10201,Activated,Original Lease,0,5980,17456.61,209479.32,35.02998662207358,9/19/2022,10/31/2025
Fund 2,"March 31, 2025",2025-03-31,xohcolu2,3045 – 3065 Switzer Avenue,Columbus,OH,t0000889,17620,Activated,Original Lease,0,5620,25627.2,307526.4,54.720000000000006,9/19/2022,10/31/2027
Fund 2,"March 31, 2025",2025-03-31,xohcolu3,3040 – 3050 E 14th Avenue,Columbus,OH,t0000676,6513,Activated,Original Lease,0,5625,2835.0,34020.0,6.048,10/12/2020,9/30/2025
Fund 2,"March 31, 2025",2025-03-31,xohcolu3,3040 – 3050 E 14th Avenue,Columbus,OH,t0001073,36923,Activated,Original Lease,1,5893,7994.84,95938.08,16.28000678771424,2/1/2024,9/30/2025
Fund 2,"March 31, 2025",2025-03-31,xohcolu4,1149 – 1161 Rarig Avenue,Columbus,OH,t0000673,6322,Activated,Original Lease,0,28808,163845.5,1966146.0,68.25,1/1/2019,8/31/2028
Fund 2,"March 31, 2025",2025-03-31,xohcomme,10021 Commerce Park Drive,"West Chester, Butler County",OH,t0000508,4170,Activated,Renewal,1,80414,163307.43,1959689.16,24.36999975128709,3/1/2023,2/29/2028
Fund 2,"March 31, 2025",2025-03-31,xohmost,12080 Mosteller Road,Sharonville,OH,t0000434,1306,Activated,Renewal,3,111087,81005.72,972068.64,8.750516622106998,3/1/2025,2/28/2027
Fund 2,"March 31, 2025",2025-03-31,xohmost,12080 Mosteller Road,Sharonville,OH,t0000688,6639,Activated,Original Lease,0,114027,329252.99,3951035.88,34.65000289405141,3/1/2022,5/31/2029
Fund 2,"March 31, 2025",2025-03-31,xohmost,12080 Mosteller Road,Sharonville,OH,t0001147,41989,Activated,Original Lease,1,47107,64340.31,772083.72,16.389999787717322,3/1/2024,3/31/2026
Fund 2,"March 31, 2025",2025-03-31,xpa18rai,18 Railroad Street,Royersford,PA,t0000702,7394,Activated,Renewal,1,189746,311499.68,3737996.16,19.699999789191867,1/14/2023,1/31/2026
Fund 2,"March 31, 2025",2025-03-31,xpa1peae,1 Pearl Buck Court,Bristol,PA,t0000534,4234,Activated,Renewal,3,14000,38243.33,458919.96,32.77999714285714,2/1/2025,1/31/2028
Fund 2,"March 31, 2025",2025-03-31,xpa3041m,3041 Marwin Road,Bensalem,PA,t0000882,17610,Activated,Expansion,4,34895,29151.17,349814.04,10.02476114056455,4/15/2024,3/31/2030
Fund 2,"March 31, 2025",2025-03-31,xpa3041m,3041 Marwin Road,Bensalem,PA,t0001371,62028,Activated,Original Lease,1,40492,234988.58,2819862.96,69.64000197569891,12/1/2024,2/28/2030
Fund 2,"March 31, 2025",2025-03-31,xpa327c,327 East Chew Avenue,Philadelphia,PA,t0000602,4914,Superseded,Original Lease,0,170390,467246.02,5606952.24,32.90658043312401,11/6/2018,11/5/2028
Fund 2,"March 31, 2025",2025-03-31,xpa4200m,4200 Macalester Street,Philadelphia,PA,t0000747,8463,Activated,Renewal,2,40791,99365.8,1192389.6,29.231683459586677,3/15/2025,3/14/2030
Fund 2,"March 31, 2025",2025-03-31,xpa500ma,500 Maryland Avenue,Fort Washington,PA,t0000748,8464,Activated,Original Lease,0,138391,48750.0,585000.0,4.227153499866321,10/1/2016,9/30/2026
Fund 2,"March 31, 2025",2025-03-31,xpastate,8800 State Road,Philadelphia,PA,t0000507,4169,Superseded,Original Lease,0,17063,80610.43,967325.1599999999,56.69138838422317,4/1/2021,3/31/2026
Fund 2,"March 31, 2025",2025-03-31,xtn225bo,225 Bobrick Drive,Jackson,TN,t0000523,4203,Activated,Original Lease,0,20840,4000.0,48000.0,2.3032629558541267,9/15/2004,5/31/2026
Fund 2,"March 31, 2025",2025-03-31,xtn225bo,225 Bobrick Drive,Jackson,TN,t0000652,5644,Activated,Original Lease,0,45820,95114.68,1141376.16,24.909999127018768,1/1/2022,12/31/2028
Fund 2,"March 31, 2025",2025-03-31,xtn225bo,225 Bobrick Drive,Jackson,TN,t0001006,28338,Superseded,Original Lease,0,33340,68541.48,822497.76,24.669998800239952,3/1/2023,2/28/2028
Fund 2,"March 31, 2025",2025-03-31,xtn3961o,3961 Outland Road,Memphis,TN,t0000999,28046,Activated,Original Lease,0,74906,108925.81,1307109.72,17.450000267001307,2/1/2023,2/28/2026
Fund 2,"March 31, 2025",2025-03-31,xtndelp1,4290 Delp Street,Memphis,TN,t0000445,1347,Superseded,Original Lease,0,72000,0.0,0.0,0.0,4/8/2021,4/30/2026
Fund 2,"March 31, 2025",2025-03-31,xtndelp1,4290 Delp Street,Memphis,TN,t0000449,1352,Activated,Renewal,2,22743,24448.73,293384.76,12.900002638174383,9/1/2023,8/31/2026
Fund 2,"March 31, 2025",2025-03-31,xtndelp1,4290 Delp Street,Memphis,TN,t0000638,5499,Activated,Renewal,3,63840,20748.0,248976.0,3.9,1/1/2025,12/31/2025
Fund 2,"March 31, 2025",2025-03-31,xtndelp1,4290 Delp Street,Memphis,TN,t0000967,22488,Activated,Original Lease,0,25137,22282.35,267388.19999999995,10.637235947010382,1/1/2023,12/31/2025
Fund 2,"March 31, 2025",2025-03-31,xtndelp1,4290 Delp Street,Memphis,TN,t0001060,36871,Activated,Original Lease,1,41496,76560.12,918721.44,22.139999999999997,11/1/2023,10/31/2028
Fund 2,"March 31, 2025",2025-03-31,xtndelp2,4319 Delp Street,Memphis,TN,t0000691,6678,Activated,Original Lease,0,72000,83575.62,1002907.44,13.929269999999999,4/8/2021,4/30/2026
Fund 2,"March 31, 2025",2025-03-31,xtx1050k,10501 King William Drive,Dallas,TX,t0000819,13537,Activated,Renewal,3,4691,24679.64,296155.68,63.13273928799829,8/1/2024,9/30/2029
Fund 2,"March 31, 2025",2025-03-31,xtx1050k,10501 King William Drive,Dallas,TX,t0000822,13602,Activated,Renewal,3,5036,25052.75,300633.0,59.696783161239075,2/1/2024,9/30/2029
Fund 2,"March 31, 2025",2025-03-31,xtx1050k,10501 King William Drive,Dallas,TX,t0000824,13715,Activated,Expansion,2,12665,51441.04,617292.48,48.740030003947886,6/1/2023,6/30/2028
Fund 2,"March 31, 2025",2025-03-31,xtx1050k,10501 King William Drive,Dallas,TX,t0000826,13718,Activated,Renewal,2,7490,17532.84,210394.08000000002,28.089997329773034,6/1/2023,5/31/2026
Fund 2,"March 31, 2025",2025-03-31,xtx1050k,10501 King William Drive,Dallas,TX,t0001056,36840,Activated,Original Lease,0,6635,15531.43,186377.16,28.090001507159005,9/1/2023,8/31/2026
Fund 2,"March 31, 2025",2025-03-31,xtx1050k,10501 King William Drive,Dallas,TX,t0001091,38081,Activated,Original Lease,1,5423,22026.4184,264317.0208,48.74000014751982,11/1/2023,10/31/2028
Fund 2,"March 31, 2025",2025-03-31,xtx10704,10704 - 10710 Composite Drive,Dallas,TX,t0000762,9967,Activated,Renewal,1,27300,89302.74,1071632.8800000001,39.25395164835165,1/1/2023,12/31/2027
Fund 2,"March 31, 2025",2025-03-31,xtx111pl,11100 Plano Road,Dallas,TX,t0000706,7538,Activated,Original Lease,0,136882,1250747.08,15008964.96,109.6489309039903,6/7/2018,6/6/2038
Fund 2,"March 31, 2025",2025-03-31,xtx1121,1121 108th Street,Arlington,TX,t0000757,9720,Superseded,Expansion,1,15780,35574.229999999996,426890.75999999995,27.052646387832695,3/15/2022,3/31/2025
Fund 2,"March 31, 2025",2025-03-31,xtx1121,1121 108th Street,Arlington,TX,t0000994,27057,Activated,Original Lease,0,50545,146009.61000000002,1752115.3200000003,34.66446374517757,2/10/2023,3/31/2028
Fund 2,"March 31, 2025",2025-03-31,xtx11839,11839 Shiloh Rd,Dallas,TX,t0000818,13521,Superseded,Original Lease,0,99750,193265.63,2319187.56,23.25000060150376,5/19/2022,5/31/2025
Fund 2,"March 31, 2025",2025-03-31,xtx12150,12150 Shiloh Road,Dallas,TX,t0000697,6908,Activated,Original Lease,0,20551,31943.09,383317.08,18.651991630577587,8/1/2018,9/30/2025
Fund 2,"March 31, 2025",2025-03-31,xtx12150,12150 Shiloh Road,Dallas,TX,t0000698,6909,Activated,Renewal,1,10495,35527.69,426332.28,40.62241829442592,4/1/2023,3/31/2028
Fund 2,"March 31, 2025",2025-03-31,xtx12150,12150 Shiloh Road,Dallas,TX,t0000701,6920,Activated,Renewal,3,11473,45766.490000000005,549197.8800000001,47.868724832214774,10/1/2023,9/30/2028
Fund 2,"March 31, 2025",2025-03-31,xtx1709s,I-45 Logistics Center,Hutchins,TX,t0000790,12400,Activated,Original Lease,0,150018,345166.44,4141997.2800000003,27.61000199976003,7/20/2021,10/31/2027
Fund 2,"March 31, 2025",2025-03-31,xtx1709s,I-45 Logistics Center,Hutchins,TX,t0000791,12407,Activated,Original Lease,0,95281,188656.38,2263876.56,23.76,12/31/2021,3/31/2028
Fund 2,"March 31, 2025",2025-03-31,xtx1919a,1919 Avenue E,Lubbock,TX,t0000707,7539,Activated,Original Lease,0,79970,546575.67,6558908.040000001,82.01710691509317,6/7/2018,6/6/2038
Fund 2,"March 31, 2025",2025-03-31,xtx2445s,2445 Santa Anna Avenue,Dallas,TX,t0000807,13433,Activated,Original Lease,0,40116,121818.92,1461827.04,36.44,5/19/2022,5/31/2027
Fund 2,"March 31, 2025",2025-03-31,xtx2616a,2616 Andjon Drive,Dallas,TX,t0000708,7540,Activated,Renewal,3,8923,12975.529999999999,155706.36,17.450001120699316,6/1/2024,5/31/2026
Fund 2,"March 31, 2025",2025-03-31,xtx2616a,2616 Andjon Drive,Dallas,TX,t0000710,7542,Superseded,Holdover,2,8060,3520.0,42240.0,5.240694789081886,3/1/2025,3/31/2025
Fund 2,"March 31, 2025",2025-03-31,xtx2616a,2616 Andjon Drive,Dallas,TX,t0001024,30325,Activated,Original Lease,0,8204,44356.49,532277.88,64.88028766455388,6/1/2023,7/31/2028
Fund 2,"March 31, 2025",2025-03-31,xtx2655,2655 Freewood Drive,Dallas,TX,t0000759,9881,Activated,Renewal,1,30840,34360.9,412330.80000000005,13.370000000000001,7/1/2023,6/30/2026
Fund 2,"March 31, 2025",2025-03-31,xtx310an,3101 Aniol Street,San Antonio,TX,t0000705,7440,Activated,Original Lease,0,104000,804569.42,9654833.040000001,92.8349330769231,6/7/2018,6/6/2038
Fund 2,"March 31, 2025",2025-03-31,xtx3662m,3662-3670 Miller Park Drive,Garland,TX,t0000653,5645,Activated,Original Lease,0,14900,32183.79,386205.48,25.91983087248322,11/1/2016,4/30/2027
Fund 2,"March 31, 2025",2025-03-31,xtx3662m,3662-3670 Miller Park Drive,Garland,TX,t0001000,28047,Activated,Original Lease,0,26126,85493.73,1025924.76,39.268344178213276,4/1/2023,5/31/2028
Fund 2,"March 31, 2025",2025-03-31,xtx3857m,3857 Miller Park Drive,Garland,TX,t0000829,13725,Superseded,Original Lease,0,59028,137141.72,1645700.6400000001,27.880000000000003,5/10/2022,5/31/2027
Fund 2,"March 31, 2025",2025-03-31,xtx4201n,4201 N Beach Street,Fort Worth,TX,t0000696,6906,Activated,Renewal,1,182500,1186459.34,14237512.080000002,78.01376482191782,11/1/2022,12/31/2032
Fund 2,"March 31, 2025",2025-03-31,xtx4666d,4666 Duncanville Road,Dallas,TX,t0000846,14881,Superseded,Original Lease,0,162792,165628.03999999998,1987536.4799999997,12.209054990417219,6/21/2022,6/30/2025
Fund 2,"March 31, 2025",2025-03-31,xtx467wa,4679 Walzem Road,San Antonio,TX,t0000780,11013,Activated,Renewal,2,40394,100060.14,1200721.68,29.725248304203593,1/1/2023,12/31/2026
Fund 2,"March 31, 2025",2025-03-31,xtx467wa,4679 Walzem Road,San Antonio,TX,t0000943,19584,Activated,Renewal,2,0,6000.0,72000.0,0.0,5/14/2024,5/13/2034
Fund 2,"March 31, 2025",2025-03-31,xtx467wa,4679 Walzem Road,San Antonio,TX,t0001254,52126,Activated,Proposal in DM,0,0,0.0,0.0,0.0,5/14/2024,5/14/2034
Fund 2,"March 31, 2025",2025-03-31,xtx8154b,8154 Bracken Creek Drive,San Antonio,TX,t0000666,5995,Activated,Renewal,2,35510,64657.78999999999,775893.48,21.849999436778372,4/1/2024,3/31/2027
Fund 2,"March 31, 2025",2025-03-31,xtx8154b,8154 Bracken Creek Drive,San Antonio,TX,t0001051,36800,Activated,Original Lease,0,25100,278888.49,3346661.88,133.33314262948207,10/1/2023,1/31/2034
Fund 2,"March 31, 2025",2025-03-31,xtxball,9615 Ball Street,San Antonio,TX,t0000435,1307,Superseded,Original Lease,0,29772,135836.62,1630039.44,54.75075372833535,11/1/2020,1/31/2027
Fund 2,"March 31, 2025",2025-03-31,xtxball,9615 Ball Street,San Antonio,TX,t0001003,28220,Activated,Expansion,1,29772,176906.44,2122877.2800000003,71.30449012494962,4/1/2023,5/31/2028
Fund 2,"March 31, 2025",2025-03-31,xtxdrysd,9820 Drysdale Lane,Houston,TX,t0000612,5458,Superseded,Original Lease,0,26448,118042.8,1416513.6,53.55843920145191,1/1/2022,3/31/2027
Fund 2,"March 31, 2025",2025-03-31,xtxglen,3113 Glenfield Avenue,Dallas,TX,t0000543,4282,Activated,Original Lease,0,115200,193678.0,2324136.0,20.174791666666668,10/1/2021,9/30/2026
Fund 2,"March 31, 2025",2025-03-31,xtxmorto,4000 Dan Morton Dr,Dallas,TX,t0000522,4196,Superseded,Original Lease,0,77536,272991.33,3275895.96,42.2499994841106,11/1/2019,2/28/2030
Fund 2,"March 31, 2025",2025-03-31,xtxmorto,4000 Dan Morton Dr,Dallas,TX,t0000526,4206,Activated,Original Lease,0,132133,506115.52,6073386.24,45.964189415210434,9/1/2020,2/28/2031
Fund 2,"March 31, 2025",2025-03-31,xtxritti,4728 Goldfield Drive,San Antonio,TX,t0000528,4208,Activated,Original Lease,0,8809,26624.230000000003,319490.76,36.26867521852651,10/1/2020,9/30/2025
Fund 2,"March 31, 2025",2025-03-31,xtxritti,4728 Goldfield Drive,San Antonio,TX,t0000529,4220,Activated,Original Lease,0,26413,76359.48,916313.76,34.69177147616704,2/15/2021,6/14/2026
Fund 2,"March 31, 2025",2025-03-31,xtxritti,4728 Goldfield Drive,San Antonio,TX,t0000530,4221,Activated,Renewal,3,16490,65153.3516,781840.2192,47.412990855063676,1/1/2024,12/31/2028
Fund 2,"March 31, 2025",2025-03-31,xtxritti,4728 Goldfield Drive,San Antonio,TX,t0000539,4249,Activated,Original Lease,0,17280,48502.8,582033.6000000001,33.682500000000005,4/1/2018,10/30/2025
Fund 2,"March 31, 2025",2025-03-31,xtxritti,4728 Goldfield Drive,San Antonio,TX,t0001017,29069,Superseded,Original Lease,0,8730,27132.21,325586.52,37.29513402061856,4/15/2023,6/30/2026
